{"a":"=","`":"^","c":"j","b":"|","e":"a","d":"*","g":"D","f":"r","i":"o","h":"d","k":" ","j":"w","m":";","l":"J","o":"y","n":"V","q":"!","p":"7","s":"G","r":"h","u":"Y","t":"3","w":"P","v":"I","y":"+","x":"?","{":"6","z":"/","}":",","|":"`","~":"T","!":"Q"," ":":","#":"Z","%":".","$":">","&":"e",")":"M","(":"X","+":"B","*":"n","-":"A",",":"E","/":"1",".":"@","1":"K","0":"i","3":"(","2":"O","5":"-","4":"k","7":"z","6":"F","9":"s","8":"}",";":"b",":":"u","=":"2","<":"]","?":"t",">":"_","A":"5","@":"$","C":"U","B":"C","E":"g","D":"v","G":"#","F":"x","I":"<","H":")","K":"c","J":"8","M":"N","L":"H","O":"~","N":"9","Q":"L","P":"4","S":"f","R":"&","U":"p","T":"%","W":"{","V":"q","Y":"0","X":"S","[":"m","Z":"[","]":"l","_":"R","^":"W"}